<?xml version="1.0"?>
<!DOCTYPE hibernate-mapping PUBLIC "-//Hibernate/Hibernate Mapping DTD 3.0//EN"
"http://hibernate.sourceforge.net/hibernate-mapping-3.0.dtd">
<!-- Generated 1 f?vr. 2015 11:00:12 by Hibernate Tools 3.4.0.CR1 -->
<hibernate-mapping>
    <class name="com.model.Cd" table="cd" catalog="auto_ecole">
        <id name="numcd" type="java.lang.Integer">
            <column name="numcd" />
            <generator class="identity" />
        </id>
        <property name="editeur" type="string">
            <column name="editeur" length="20" />
        </property>
    </class>
</hibernate-mapping>
